{"cameraMode":{"drawMode":0,"name":"Shaded","section":"Shading Mode"},"sceneLighting":true,"audioPlay":false,"sceneViewState":{"showFog":true,"showMaterialUpdate":false,"showSkybox":true,"showFlares":true,"showImageEffects":true,"showParticleSystems":true},"in2DMode":false,"pivot":{"x":-0.2483258843421936,"y":0.6963587403297424,"z":0.9960628747940064},"rotation":{"x":0.28682640194892886,"y":-0.30511122941970827,"z":0.09780842810869217,"w":0.9030954837799072},"size":1.333012580871582,"orthographic":false}