{"cameraMode":{"drawMode":0,"name":"Shaded","section":"Shading Mode"},"sceneLighting":true,"audioPlay":false,"sceneViewState":{"showFog":true,"showMaterialUpdate":false,"showSkybox":true,"showFlares":true,"showImageEffects":true,"showParticleSystems":true},"in2DMode":false,"pivot":{"x":0.015941739082336427,"y":1.178999900817871,"z":1.6132550239562989},"rotation":{"x":0.04048188775777817,"y":-0.6019353270530701,"z":0.03151017427444458,"w":0.7972216010093689},"size":1.3233721256256104,"orthographic":false}