{"cameraMode":{"drawMode":0,"name":"Shaded","section":"Shading Mode"},"sceneLighting":true,"audioPlay":false,"sceneViewState":{"showFog":true,"showMaterialUpdate":false,"showSkybox":true,"showFlares":true,"showImageEffects":true,"showParticleSystems":true},"in2DMode":false,"pivot":{"x":-1.981475591659546,"y":3.6021499633789064,"z":-11.949932098388672},"rotation":{"x":0.17597584426403047,"y":-0.18762776255607606,"z":0.0347643606364727,"w":0.9659988880157471},"size":1.3233721256256104,"orthographic":false}