{"cameraMode":{"drawMode":0,"name":"Shaded","section":"Shading Mode"},"sceneLighting":true,"audioPlay":false,"sceneViewState":{"showFog":true,"showMaterialUpdate":false,"showSkybox":true,"showFlares":true,"showImageEffects":true,"showParticleSystems":true},"in2DMode":false,"pivot":{"x":-10.315373420715332,"y":7.611934185028076,"z":59.31453323364258},"rotation":{"x":-0.055463749915361407,"y":-0.9463821053504944,"z":0.23454594612121583,"w":-0.21704311668872834},"size":3.4454398155212404,"orthographic":false}