{"cameraMode":{"drawMode":0,"name":"Shaded","section":"Shading Mode"},"sceneLighting":true,"audioPlay":false,"sceneViewState":{"showFog":true,"showMaterialUpdate":false,"showSkybox":true,"showFlares":true,"showImageEffects":true,"showParticleSystems":true},"in2DMode":false,"pivot":{"x":2.6755950450897219,"y":2.062978982925415,"z":-5.103831768035889},"rotation":{"x":-0.1673336625099182,"y":0.7003249526023865,"z":-0.17542023956775666,"w":-0.6717938184738159},"size":1.3233721256256104,"orthographic":false}