{"cameraMode":{"drawMode":0,"name":"Shaded","section":"Shading Mode"},"sceneLighting":true,"audioPlay":false,"sceneViewState":{"showFog":true,"showMaterialUpdate":false,"showSkybox":true,"showFlares":true,"showImageEffects":true,"showParticleSystems":true},"in2DMode":false,"pivot":{"x":15.845736503601075,"y":-2.0018720626831056,"z":-16.26178741455078},"rotation":{"x":0.03480667993426323,"y":0.9663780927658081,"z":-0.18797659873962403,"w":0.17328378558158875},"size":10.87928581237793,"orthographic":false}